<?xml version="1.0" encoding="utf-8" ?>
<dwsync>
<file name="version.ini" server="C:/wamp/www/juninenlinea/" local="130172929733551947" remote="130172929730000000" />
<file name=".log" server="C:/wamp/www/juninenlinea/" local="130172930024858609" remote="130172930020000000" />
<file name=".lock" server="C:/wamp/www/juninenlinea/" local="130167806135491989" remote="130167806130000000" />
<file name="version.ini" server="C:/Users/usuario/SkyDrive/Publicaciones/JuninEnLinea/HTML5Application/public_html/" local="130172929733551947" remote="130172929730000000" />
<file name=".log" server="C:/Users/usuario/SkyDrive/Publicaciones/JuninEnLinea/HTML5Application/public_html/" local="130172930024858609" remote="130172930020000000" />
<file name=".lock" server="C:/Users/usuario/SkyDrive/Publicaciones/JuninEnLinea/HTML5Application/public_html/" local="130167806135491989" remote="130167806130000000" />
<file name="version.ini" server="C:/Users/usuario/SkyDrive/Publicaciones/JuninEnLinea/HTML5Application/" local="130172929733551947" remote="130172929730000000" />
<file name=".log" server="C:/Users/usuario/SkyDrive/Publicaciones/JuninEnLinea/HTML5Application/" local="130172930024858609" remote="130172930020000000" />
<file name=".lock" server="C:/Users/usuario/SkyDrive/Publicaciones/JuninEnLinea/HTML5Application/" local="130167806135491989" remote="130167806130000000" />
<file name="version.ini" server="C:/wamp/www/juninenlinea/public_html/" local="130172929733551947" remote="130172929730000000" />
<file name=".log" server="C:/wamp/www/juninenlinea/public_html/" local="130172930024858609" remote="130172930020000000" />
<file name=".lock" server="C:/wamp/www/juninenlinea/public_html/" local="130167806135491989" remote="130167806130000000" />
</dwsync>