<?xml version="1.0" encoding="utf-8" ?>
<dwsync>
<file name="openFile.svg" server="C:/wamp/www/juninenlinea/" local="130172739340000000" remote="130172739340000000" />
<file name="Jel1.gif" server="C:/wamp/www/juninenlinea/" local="129709787890000000" remote="129709787890000000" />
<file name="banJel.png" server="C:/wamp/www/juninenlinea/" local="130172970819641937" remote="130172970810000000" />
<file name="Book-256.png" server="C:/wamp/www/juninenlinea/" local="130178996467114323" remote="130178996460000000" />
<file name="Home_256x256.png" server="C:/wamp/www/juninenlinea/" local="130178999538389990" remote="130178999530000000" />
<file name="Pirate-Map-256.png" server="C:/wamp/www/juninenlinea/" local="130179010478255714" remote="130179010470000000" />
<file name="Travel-Bus-256.png" server="C:/wamp/www/juninenlinea/" local="130179017739911057" remote="130179017730000000" />
<file name="Map-48.png" server="C:/wamp/www/juninenlinea/" local="130179019861072381" remote="130179019860000000" />
<file name="News-256.png" server="C:/wamp/www/juninenlinea/" local="130179021826384790" remote="130179021820000000" />
<file name="Home_256x256.png" server="C:/Users/usuario/SkyDrive/Publicaciones/JuninEnLinea/HTML5Application/public_html/" local="130178999538389990" remote="130178999530000000" />
<file name="Book-256.png" server="C:/Users/usuario/SkyDrive/Publicaciones/JuninEnLinea/HTML5Application/public_html/" local="130178996467114323" remote="130178996460000000" />
<file name="Pirate-Map-256.png" server="C:/Users/usuario/SkyDrive/Publicaciones/JuninEnLinea/HTML5Application/public_html/" local="130179010478255714" remote="130179010470000000" />
<file name="Travel-Bus-256.png" server="C:/Users/usuario/SkyDrive/Publicaciones/JuninEnLinea/HTML5Application/public_html/" local="130179017739911057" remote="130179017730000000" />
<file name="Map-48.png" server="C:/Users/usuario/SkyDrive/Publicaciones/JuninEnLinea/HTML5Application/public_html/" local="130179019861072381" remote="130179019860000000" />
<file name="News-256.png" server="C:/Users/usuario/SkyDrive/Publicaciones/JuninEnLinea/HTML5Application/public_html/" local="130179021826384790" remote="130179021820000000" />
<file name="openFile.svg" server="C:/Users/usuario/SkyDrive/Publicaciones/JuninEnLinea/HTML5Application/public_html/" local="130172739340000000" remote="130172739340000000" />
<file name="Jel1.gif" server="C:/Users/usuario/SkyDrive/Publicaciones/JuninEnLinea/HTML5Application/public_html/" local="129709787890000000" remote="129709787890000000" />
<file name="banJel.png" server="C:/Users/usuario/SkyDrive/Publicaciones/JuninEnLinea/HTML5Application/public_html/" local="130172970819641937" remote="130172970810000000" />
<file name="Travel-Bus-256.png" server="C:/Users/usuario/SkyDrive/Publicaciones/JuninEnLinea/HTML5Application/" local="130179017739911057" remote="130179017730000000" />
<file name="Pirate-Map-256.png" server="C:/Users/usuario/SkyDrive/Publicaciones/JuninEnLinea/HTML5Application/" local="130179010478255714" remote="130179010470000000" />
<file name="openFile.svg" server="C:/Users/usuario/SkyDrive/Publicaciones/JuninEnLinea/HTML5Application/" local="130172739340000000" remote="130172739340000000" />
<file name="News-256.png" server="C:/Users/usuario/SkyDrive/Publicaciones/JuninEnLinea/HTML5Application/" local="130179021826384790" remote="130179021820000000" />
<file name="Map-48.png" server="C:/Users/usuario/SkyDrive/Publicaciones/JuninEnLinea/HTML5Application/" local="130179019861072381" remote="130179019860000000" />
<file name="Jel1.gif" server="C:/Users/usuario/SkyDrive/Publicaciones/JuninEnLinea/HTML5Application/" local="129709787890000000" remote="129709787890000000" />
<file name="Home_256x256.png" server="C:/Users/usuario/SkyDrive/Publicaciones/JuninEnLinea/HTML5Application/" local="130178999538389990" remote="130178999530000000" />
<file name="Book-256.png" server="C:/Users/usuario/SkyDrive/Publicaciones/JuninEnLinea/HTML5Application/" local="130178996467114323" remote="130178996460000000" />
<file name="banJel.png" server="C:/Users/usuario/SkyDrive/Publicaciones/JuninEnLinea/HTML5Application/" local="130172970819641937" remote="130172970810000000" />
<file name="Home_256x256.png" server="C:/Users/usuario/SkyDrive/Publicaciones/JuninEnLinea/" local="130178999538389990" remote="130178999530000000" />
<file name="Book-256.png" server="C:/Users/usuario/SkyDrive/Publicaciones/JuninEnLinea/" local="130178996467114323" remote="130178996460000000" />
<file name="Pirate-Map-256.png" server="C:/Users/usuario/SkyDrive/Publicaciones/JuninEnLinea/" local="130179010478255714" remote="130179010470000000" />
<file name="Travel-Bus-256.png" server="C:/Users/usuario/SkyDrive/Publicaciones/JuninEnLinea/" local="130179017739911057" remote="130179017730000000" />
<file name="Map-48.png" server="C:/Users/usuario/SkyDrive/Publicaciones/JuninEnLinea/" local="130179019861072381" remote="130179019860000000" />
<file name="News-256.png" server="C:/Users/usuario/SkyDrive/Publicaciones/JuninEnLinea/" local="130179021826384790" remote="130179021820000000" />
<file name="Home_256x256.png" server="C:/wamp/www/juninenlinea/public_html/" local="130178999538389990" remote="130178999530000000" />
<file name="Book-256.png" server="C:/wamp/www/juninenlinea/public_html/" local="130178996467114323" remote="130178996460000000" />
<file name="Pirate-Map-256.png" server="C:/wamp/www/juninenlinea/public_html/" local="130179010478255714" remote="130179010470000000" />
<file name="Travel-Bus-256.png" server="C:/wamp/www/juninenlinea/public_html/" local="130179017739911057" remote="130179017730000000" />
<file name="Map-48.png" server="C:/wamp/www/juninenlinea/public_html/" local="130179019861072381" remote="130179019860000000" />
<file name="News-256.png" server="C:/wamp/www/juninenlinea/public_html/" local="130179021826384790" remote="130179021820000000" />
<file name="openFile.svg" server="C:/wamp/www/juninenlinea/public_html/" local="130172739340000000" remote="130172739340000000" />
<file name="Jel1.gif" server="C:/wamp/www/juninenlinea/public_html/" local="129709787890000000" remote="129709787890000000" />
<file name="banJel.png" server="C:/wamp/www/juninenlinea/public_html/" local="130172970819641937" remote="130172970810000000" />
<file name="info_blue-128.png" server="C:/wamp/www/juninenlinea/public_html/" local="130183148966976819" remote="130183148960000000" />
</dwsync>