<?xml version="1.0" encoding="utf-8" ?>
<dwsync>
<file name="Wildlife.wmv" server="C:/wamp/www/juninenlinea/" local="128920207450000000" remote="128920207450000000" />
<file name="Comidas.mp4" server="C:/wamp/www/juninenlinea/" local="130149869040000000" remote="130149869040000000" />
<file name="Abc.ogg" server="C:/wamp/www/juninenlinea/" local="130153076420000000" remote="130153076420000000" />
<file name="Wildlife.wmv" server="C:/Users/usuario/SkyDrive/Publicaciones/JuninEnLinea/HTML5Application/public_html/" local="128920207450000000" remote="128920207450000000" />
<file name="Comidas.mp4" server="C:/Users/usuario/SkyDrive/Publicaciones/JuninEnLinea/HTML5Application/public_html/" local="130149869040000000" remote="130149869040000000" />
<file name="Abc.ogg" server="C:/Users/usuario/SkyDrive/Publicaciones/JuninEnLinea/HTML5Application/public_html/" local="130153076420000000" remote="130153076420000000" />
<file name="Wildlife.wmv" server="C:/Users/usuario/SkyDrive/Publicaciones/JuninEnLinea/HTML5Application/" local="128920207450000000" remote="128920207450000000" />
<file name="Comidas.mp4" server="C:/Users/usuario/SkyDrive/Publicaciones/JuninEnLinea/HTML5Application/" local="130149869040000000" remote="130149869040000000" />
<file name="Abc.ogg" server="C:/Users/usuario/SkyDrive/Publicaciones/JuninEnLinea/HTML5Application/" local="130153076420000000" remote="130153076420000000" />
<file name="Wildlife.wmv" server="C:/wamp/www/juninenlinea/public_html/" local="128920207450000000" remote="128920207450000000" />
<file name="Comidas.mp4" server="C:/wamp/www/juninenlinea/public_html/" local="130149869040000000" remote="130149869040000000" />
<file name="Abc.ogg" server="C:/wamp/www/juninenlinea/public_html/" local="130153076420000000" remote="130153076420000000" />
</dwsync>