<?xml version="1.0" encoding="utf-8" ?>
<dwsync>
<file name="pruebas.html" server="C:/wamp/www/juninenlinea/" local="130170019558157296" remote="130170019550000000" />
<file name="junin.js" server="C:/wamp/www/juninenlinea/" local="130163583417659940" remote="130163583410000000" />
<file name="junin.css" server="C:/wamp/www/juninenlinea/" local="130163569906877168" remote="130163569900000000" />
<file name="index2.html" server="C:/wamp/www/juninenlinea/" local="130163587510294026" remote="130163587510000000" />
<file name="index.html" server="C:/wamp/www/juninenlinea/" local="130179095494488365" remote="130179095490000000" />
<file name="favoritos.html" server="C:/wamp/www/juninenlinea/" local="130173510560000000" remote="130173510560000000" />
<file name="prueba.php" server="C:/wamp/www/juninenlinea/" local="130174711908862127" remote="130174711900000000" />
<file name="index.html" server="C:/Users/usuario/SkyDrive/Publicaciones/JuninEnLinea/HTML5Application/public_html/" local="130179095494488365" remote="130179095490000000" />
<file name="pruebas.html" server="C:/Users/usuario/SkyDrive/Publicaciones/JuninEnLinea/HTML5Application/public_html/" local="130170019558157296" remote="130170019550000000" />
<file name="prueba.php" server="C:/Users/usuario/SkyDrive/Publicaciones/JuninEnLinea/HTML5Application/public_html/" local="130174711908862127" remote="130174711900000000" />
<file name="junin.js" server="C:/Users/usuario/SkyDrive/Publicaciones/JuninEnLinea/HTML5Application/public_html/" local="130163583417659940" remote="130163583410000000" />
<file name="junin.css" server="C:/Users/usuario/SkyDrive/Publicaciones/JuninEnLinea/HTML5Application/public_html/" local="130163569906877168" remote="130163569900000000" />
<file name="index2.html" server="C:/Users/usuario/SkyDrive/Publicaciones/JuninEnLinea/HTML5Application/public_html/" local="130163587510294026" remote="130163587510000000" />
<file name="favoritos.html" server="C:/Users/usuario/SkyDrive/Publicaciones/JuninEnLinea/HTML5Application/public_html/" local="130173510560000000" remote="130173510560000000" />
<file name="pruebas.html" server="C:/Users/usuario/SkyDrive/Publicaciones/JuninEnLinea/HTML5Application/" local="130170019558157296" remote="130170019550000000" />
<file name="prueba.php" server="C:/Users/usuario/SkyDrive/Publicaciones/JuninEnLinea/HTML5Application/" local="130174711908862127" remote="130174711900000000" />
<file name="junin.js" server="C:/Users/usuario/SkyDrive/Publicaciones/JuninEnLinea/HTML5Application/" local="130163583417659940" remote="130163583410000000" />
<file name="junin.css" server="C:/Users/usuario/SkyDrive/Publicaciones/JuninEnLinea/HTML5Application/" local="130163569906877168" remote="130163569900000000" />
<file name="index2.html" server="C:/Users/usuario/SkyDrive/Publicaciones/JuninEnLinea/HTML5Application/" local="130163587510294026" remote="130163587510000000" />
<file name="index.html" server="C:/Users/usuario/SkyDrive/Publicaciones/JuninEnLinea/HTML5Application/" local="130179095494488365" remote="130179095490000000" />
<file name="favoritos.html" server="C:/Users/usuario/SkyDrive/Publicaciones/JuninEnLinea/HTML5Application/" local="130173510560000000" remote="130173510560000000" />
<file name="index.html" server="C:/Users/usuario/SkyDrive/Publicaciones/JuninEnLinea/" local="130179095494488365" remote="130179095490000000" />
<file name="index.html" server="C:/wamp/www/juninenlinea/public_html/" local="130183172410000000" remote="130183172410000000" />
<file name="pruebas.html" server="C:/wamp/www/juninenlinea/public_html/" local="130170019558157296" remote="130170019550000000" />
<file name="prueba.php" server="C:/wamp/www/juninenlinea/public_html/" local="130174711908862127" remote="130174711900000000" />
<file name="junin.js" server="C:/wamp/www/juninenlinea/public_html/" local="130163583417659940" remote="130163583410000000" />
<file name="junin.css" server="C:/wamp/www/juninenlinea/public_html/" local="130163569906877168" remote="130163569900000000" />
<file name="index2.html" server="C:/wamp/www/juninenlinea/public_html/" local="130163587510294026" remote="130163587510000000" />
<file name="favoritos.html" server="C:/wamp/www/juninenlinea/public_html/" local="130173510560000000" remote="130173510560000000" />
</dwsync>