<?xml version="1.0" encoding="utf-8" ?>
<dwsync>
<file name="junin.css" server="C:/wamp/www/juninenlinea/" local="130163569900000000" remote="130163569900000000" />
<file name="favoritos.css" server="C:/wamp/www/juninenlinea/" local="130174709456791877" remote="130174709450000000" />
<file name="junin.css" server="C:/Users/usuario/SkyDrive/Publicaciones/JuninEnLinea/HTML5Application/public_html/" local="130163569900000000" remote="130163569900000000" />
<file name="favoritos.css" server="C:/Users/usuario/SkyDrive/Publicaciones/JuninEnLinea/HTML5Application/public_html/" local="130174709456791877" remote="130174709450000000" />
<file name="junin.css" server="C:/Users/usuario/SkyDrive/Publicaciones/JuninEnLinea/HTML5Application/" local="130163569900000000" remote="130163569900000000" />
<file name="favoritos.css" server="C:/Users/usuario/SkyDrive/Publicaciones/JuninEnLinea/HTML5Application/" local="130174709456791877" remote="130174709450000000" />
<file name="junin.css" server="C:/wamp/www/juninenlinea/public_html/" local="130163569900000000" remote="130163569900000000" />
<file name="favoritos.css" server="C:/wamp/www/juninenlinea/public_html/" local="130174709456791877" remote="130174709450000000" />
</dwsync>