<?xml version="1.0" encoding="utf-8" ?>
<dwsync>
<file name="rss.js" server="C:/wamp/www/juninenlinea/" local="130139096560000000" remote="130139096560000000" />
<file name="noticias.html" server="C:/wamp/www/juninenlinea/" local="130139097870000000" remote="130139097870000000" />
<file name="rss.js" server="C:/Users/usuario/SkyDrive/Publicaciones/JuninEnLinea/HTML5Application/public_html/" local="130139096560000000" remote="130139096560000000" />
<file name="noticias.html" server="C:/Users/usuario/SkyDrive/Publicaciones/JuninEnLinea/HTML5Application/public_html/" local="130139097870000000" remote="130139097870000000" />
<file name="rss.js" server="C:/Users/usuario/SkyDrive/Publicaciones/JuninEnLinea/HTML5Application/" local="130139096560000000" remote="130139096560000000" />
<file name="noticias.html" server="C:/Users/usuario/SkyDrive/Publicaciones/JuninEnLinea/HTML5Application/" local="130139097870000000" remote="130139097870000000" />
<file name="rss.js" server="C:/wamp/www/juninenlinea/public_html/" local="130139096560000000" remote="130139096560000000" />
<file name="noticias.html" server="C:/wamp/www/juninenlinea/public_html/" local="130139097870000000" remote="130139097870000000" />
</dwsync>