<?xml version="1.0" encoding="utf-8" ?>
<dwsync>
<file name="turismo.html" server="C:/wamp/www/juninenlinea/" local="130160535730000000" remote="130160535730000000" />
<file name="institucional.html" server="C:/wamp/www/juninenlinea/" local="130160529810000000" remote="130160529810000000" />
<file name="historia.html" server="C:/wamp/www/juninenlinea/" local="130159101544942253" remote="130159101540000000" />
<file name="geografía.html" server="C:/wamp/www/juninenlinea/" local="130153694866530784" remote="130153694860000000" />
<file name="favoritos.html" server="C:/wamp/www/juninenlinea/" local="130172646410000000" remote="130172646410000000" />
<file name="favoritos-usuario-PC.html" server="C:/wamp/www/juninenlinea/" local="130172122032445825" remote="130172122030000000" />
<file name="creditos.html" server="C:/wamp/www/juninenlinea/" local="130160531840000000" remote="130160531840000000" />
<file name="contactenos.html" server="C:/wamp/www/juninenlinea/" local="130156243920000000" remote="130156243920000000" />
<file name="turismo.html" server="C:/Users/usuario/SkyDrive/Publicaciones/JuninEnLinea/HTML5Application/public_html/" local="130160535730000000" remote="130160535730000000" />
<file name="institucional.html" server="C:/Users/usuario/SkyDrive/Publicaciones/JuninEnLinea/HTML5Application/public_html/" local="130160529810000000" remote="130160529810000000" />
<file name="historia.html" server="C:/Users/usuario/SkyDrive/Publicaciones/JuninEnLinea/HTML5Application/public_html/" local="130159101544942253" remote="130159101540000000" />
<file name="geografía.html" server="C:/Users/usuario/SkyDrive/Publicaciones/JuninEnLinea/HTML5Application/public_html/" local="130153694866530784" remote="130153694860000000" />
<file name="favoritos.html" server="C:/Users/usuario/SkyDrive/Publicaciones/JuninEnLinea/HTML5Application/public_html/" local="130172646410000000" remote="130172646410000000" />
<file name="favoritos-usuario-PC.html" server="C:/Users/usuario/SkyDrive/Publicaciones/JuninEnLinea/HTML5Application/public_html/" local="130172122032445825" remote="130172122030000000" />
<file name="creditos.html" server="C:/Users/usuario/SkyDrive/Publicaciones/JuninEnLinea/HTML5Application/public_html/" local="130160531840000000" remote="130160531840000000" />
<file name="contactenos.html" server="C:/Users/usuario/SkyDrive/Publicaciones/JuninEnLinea/HTML5Application/public_html/" local="130156243920000000" remote="130156243920000000" />
<file name="turismo.html" server="C:/Users/usuario/SkyDrive/Publicaciones/JuninEnLinea/HTML5Application/" local="130160535730000000" remote="130160535730000000" />
<file name="institucional.html" server="C:/Users/usuario/SkyDrive/Publicaciones/JuninEnLinea/HTML5Application/" local="130160529810000000" remote="130160529810000000" />
<file name="historia.html" server="C:/Users/usuario/SkyDrive/Publicaciones/JuninEnLinea/HTML5Application/" local="130159101544942253" remote="130159101540000000" />
<file name="geografía.html" server="C:/Users/usuario/SkyDrive/Publicaciones/JuninEnLinea/HTML5Application/" local="130153694866530784" remote="130153694860000000" />
<file name="favoritos.html" server="C:/Users/usuario/SkyDrive/Publicaciones/JuninEnLinea/HTML5Application/" local="130172646410000000" remote="130172646410000000" />
<file name="favoritos-usuario-PC.html" server="C:/Users/usuario/SkyDrive/Publicaciones/JuninEnLinea/HTML5Application/" local="130172122032445825" remote="130172122030000000" />
<file name="creditos.html" server="C:/Users/usuario/SkyDrive/Publicaciones/JuninEnLinea/HTML5Application/" local="130160531840000000" remote="130160531840000000" />
<file name="contactenos.html" server="C:/Users/usuario/SkyDrive/Publicaciones/JuninEnLinea/HTML5Application/" local="130156243920000000" remote="130156243920000000" />
<file name="turismo.html" server="C:/wamp/www/juninenlinea/public_html/" local="130160535730000000" remote="130160535730000000" />
<file name="institucional.html" server="C:/wamp/www/juninenlinea/public_html/" local="130160529810000000" remote="130160529810000000" />
<file name="historia.html" server="C:/wamp/www/juninenlinea/public_html/" local="130159101544942253" remote="130159101540000000" />
<file name="geografía.html" server="C:/wamp/www/juninenlinea/public_html/" local="130153694866530784" remote="130153694860000000" />
<file name="favoritos.html" server="C:/wamp/www/juninenlinea/public_html/" local="130172646410000000" remote="130172646410000000" />
<file name="favoritos-usuario-PC.html" server="C:/wamp/www/juninenlinea/public_html/" local="130172122032445825" remote="130172122030000000" />
<file name="creditos.html" server="C:/wamp/www/juninenlinea/public_html/" local="130160531840000000" remote="130160531840000000" />
<file name="contactenos.html" server="C:/wamp/www/juninenlinea/public_html/" local="130156243920000000" remote="130156243920000000" />
</dwsync>