<?xml version="1.0" encoding="utf-8" ?>
<dwsync>
<file name="wilcom-canvasCirculo.js" server="C:/wamp/www/juninenlinea/" local="130149454920000000" remote="130149454920000000" />
<file name="wilcom-canvas.js" server="C:/wamp/www/juninenlinea/" local="130149441780000000" remote="130149441780000000" />
<file name="junin.js" server="C:/wamp/www/juninenlinea/" local="130163583410000000" remote="130163583410000000" />
<file name="wilcom-canvasCirculo.js" server="C:/Users/usuario/SkyDrive/Publicaciones/JuninEnLinea/HTML5Application/public_html/" local="130149454920000000" remote="130149454920000000" />
<file name="wilcom-canvas.js" server="C:/Users/usuario/SkyDrive/Publicaciones/JuninEnLinea/HTML5Application/public_html/" local="130149441780000000" remote="130149441780000000" />
<file name="junin.js" server="C:/Users/usuario/SkyDrive/Publicaciones/JuninEnLinea/HTML5Application/public_html/" local="130163583410000000" remote="130163583410000000" />
<file name="wilcom-canvasCirculo.js" server="C:/Users/usuario/SkyDrive/Publicaciones/JuninEnLinea/HTML5Application/" local="130149454920000000" remote="130149454920000000" />
<file name="wilcom-canvas.js" server="C:/Users/usuario/SkyDrive/Publicaciones/JuninEnLinea/HTML5Application/" local="130149441780000000" remote="130149441780000000" />
<file name="junin.js" server="C:/Users/usuario/SkyDrive/Publicaciones/JuninEnLinea/HTML5Application/" local="130163583410000000" remote="130163583410000000" />
<file name="wilcom-canvasCirculo.js" server="C:/wamp/www/juninenlinea/public_html/" local="130149454920000000" remote="130149454920000000" />
<file name="wilcom-canvas.js" server="C:/wamp/www/juninenlinea/public_html/" local="130149441780000000" remote="130149441780000000" />
<file name="junin.js" server="C:/wamp/www/juninenlinea/public_html/" local="130163583410000000" remote="130163583410000000" />
<file name="jquery.js" server="C:/wamp/www/juninenlinea/public_html/" local="130184031210000000" remote="130184031210000000" />
<file name="index.html" server="C:/wamp/www/juninenlinea/public_html/" local="130184031070000000" remote="130184031070000000" />
</dwsync>