<?xml version="1.0" encoding="utf-8" ?>
<dwsync>
<file name="manifiesto.html" server="C:/wamp/www/juninenlinea/" local="130146633620000000" remote="130146633620000000" />
<file name="manifiesto.cache" server="C:/wamp/www/juninenlinea/" local="130146653940000000" remote="130146653940000000" />
<file name="manifiesto.html" server="C:/Users/usuario/SkyDrive/Publicaciones/JuninEnLinea/HTML5Application/public_html/" local="130146633620000000" remote="130146633620000000" />
<file name="manifiesto.cache" server="C:/Users/usuario/SkyDrive/Publicaciones/JuninEnLinea/HTML5Application/public_html/" local="130146653940000000" remote="130146653940000000" />
<file name="manifiesto.html" server="C:/Users/usuario/SkyDrive/Publicaciones/JuninEnLinea/HTML5Application/" local="130146633620000000" remote="130146633620000000" />
<file name="manifiesto.cache" server="C:/Users/usuario/SkyDrive/Publicaciones/JuninEnLinea/HTML5Application/" local="130146653940000000" remote="130146653940000000" />
<file name="manifiesto.html" server="C:/wamp/www/juninenlinea/public_html/" local="130146633620000000" remote="130146633620000000" />
<file name="manifiesto.cache" server="C:/wamp/www/juninenlinea/public_html/" local="130146653940000000" remote="130146653940000000" />
</dwsync>